{
	"credit": "Made by betaklerik with Blockbench",
	"texture_size": [48, 48],
	"textures": {
		"texture": "item/diamond/sinks/wood_sinks/acacia_sink"
	},
	"elements": [
		{
			"name": "back",
			"from": [2, 0, 0],
			"to": [14, 16, 2],
			"rotation": {"angle": 0, "axis": "y", "origin": [0, 0, 16]},
			"faces": {
				"north": {"uv": [10, 8.33333, 6, 13.66667], "texture": "#texture"},
				"east": {"uv": [0, 0, 0, 0], "texture": "#texture"},
				"south": {"uv": [15, 6.33333, 11, 11.66667], "texture": "#texture"},
				"west": {"uv": [0, 0, 0, 0], "texture": "#texture"},
				"up": {"uv": [6, 8, 10, 7.33333], "texture": "#texture", "cullface": "up"},
				"down": {"uv": [0.66667, 3.33333, 4.66667, 2.66667], "texture": "#texture"}
			}
		},
		{
			"name": "front",
			"from": [2, 0, 12],
			"to": [14, 16, 16],
			"rotation": {"angle": 0, "axis": "y", "origin": [0, 0, 16]},
			"faces": {
				"north": {"uv": [15, 6.33333, 11, 11.66667], "texture": "#texture"},
				"east": {"uv": [0, 0, 0, 0], "texture": "#texture"},
				"south": {"uv": [4.66667, 8.33333, 0.66667, 13.66667], "texture": "#texture"},
				"west": {"uv": [0, 0, 0, 0], "texture": "#texture"},
				"up": {"uv": [6, 4, 10, 2.66667], "texture": "#texture"},
				"down": {"uv": [0.66667, 8, 4.66667, 6.66667], "texture": "#texture"}
			}
		},
		{
			"name": "lside",
			"from": [0, 0, 0],
			"to": [2, 16, 16],
			"rotation": {"angle": 0, "axis": "y", "origin": [0, 0, 16]},
			"faces": {
				"north": {"uv": [6, 8.33333, 5.33333, 13.66667], "texture": "#texture"},
				"east": {"uv": [15.66667, 10, 10.33333, 15.33333], "texture": "#texture"},
				"south": {"uv": [5.33333, 8.33333, 4.66667, 13.66667], "texture": "#texture"},
				"west": {"uv": [5.33333, 8.33333, 0, 13.66667], "texture": "#texture"},
				"up": {"uv": [5.33333, 8, 6, 2.66667], "texture": "#texture"},
				"down": {"uv": [0, 8, 0.66667, 2.66667], "texture": "#texture"}
			}
		},
		{
			"name": "rside",
			"from": [14, 0, 0],
			"to": [16, 16, 16],
			"rotation": {"angle": 0, "axis": "y", "origin": [0, 0, 16]},
			"faces": {
				"north": {"uv": [10.66667, 8.33333, 10, 13.66667], "texture": "#texture"},
				"east": {"uv": [5.33333, 8.33333, 0, 13.66667], "texture": "#texture"},
				"south": {"uv": [0.66667, 8.33333, 0, 13.66667], "texture": "#texture"},
				"west": {"uv": [15, 10, 9.66667, 15.33333], "texture": "#texture"},
				"up": {"uv": [10, 8, 10.66667, 2.66667], "texture": "#texture"},
				"down": {"uv": [4.66667, 8, 5.33333, 2.66667], "texture": "#texture"}
			}
		},
		{
			"name": "ledge",
			"from": [0, 15, -1],
			"to": [16, 16, 0],
			"rotation": {"angle": 0, "axis": "y", "origin": [0, 0, 16]},
			"faces": {
				"north": {"uv": [10.66667, 8.33333, 5.33333, 8.66667], "texture": "#texture"},
				"east": {"uv": [10.66667, 8.33333, 10.33333, 8.66667], "texture": "#texture"},
				"south": {"uv": [0, 0, 0, 0], "texture": "#texture"},
				"west": {"uv": [5.66667, 8.33333, 5.33333, 8.66667], "texture": "#texture"},
				"up": {"uv": [5.33333, 8.66667, 10.66667, 8.33333], "texture": "#texture"},
				"down": {"uv": [5.33333, 8.66667, 10.66667, 8.33333], "texture": "#texture"}
			}
		},
		{
			"name": "faucet1",
			"from": [7, 16, 13],
			"to": [9, 22, 15],
			"rotation": {"angle": 0, "axis": "y", "origin": [0, 0, 16]},
			"faces": {
				"north": {"uv": [7.33333, 0, 6.66667, 2], "texture": "#texture"},
				"east": {"uv": [9.66667, 0, 9, 2], "texture": "#texture"},
				"south": {"uv": [11.66667, 0, 11, 2], "texture": "#texture"},
				"west": {"uv": [5, 0, 4.33333, 2], "texture": "#texture"},
				"up": {"uv": [10, 2, 10.66667, 1.33333], "texture": "#texture"},
				"down": {"uv": [0, 0, 0, 0], "texture": "#texture"}
			}
		},
		{
			"name": "faucet2",
			"from": [7, 20, 9],
			"to": [9, 22, 13],
			"rotation": {"angle": 0, "axis": "y", "origin": [0, 0, 16]},
			"faces": {
				"north": {"uv": [7.33333, 0, 6.66667, 0.66667], "texture": "#texture"},
				"east": {"uv": [9, 0, 7.66667, 0.66667], "texture": "#texture"},
				"south": {"uv": [0, 0, 0, 0], "texture": "#texture"},
				"west": {"uv": [6.33333, 0, 5, 0.66667], "texture": "#texture"},
				"up": {"uv": [10, 1.33333, 10.66667, 0], "texture": "#texture"},
				"down": {"uv": [12, 1.33333, 12.66667, 0], "texture": "#texture"}
			}
		},
		{
			"name": "cold",
			"from": [10, 16, 13],
			"to": [14, 17, 15],
			"rotation": {"angle": 0, "axis": "y", "origin": [0, 0, 16]},
			"faces": {
				"north": {"uv": [2, 0.66667, 0.66667, 1], "texture": "#texture"},
				"east": {"uv": [2.66667, 0.66667, 2, 1], "texture": "#texture"},
				"south": {"uv": [4, 0.66667, 2.66667, 1], "texture": "#texture"},
				"west": {"uv": [0.66667, 0.66667, 0, 1], "texture": "#texture"},
				"up": {"uv": [0.66667, 0.66667, 2, 0], "texture": "#texture"},
				"down": {"uv": [0, 0, 0, 0], "texture": "#texture"}
			}
		},
		{
			"name": "hot",
			"from": [2, 16, 13],
			"to": [6, 17, 15],
			"rotation": {"angle": 0, "axis": "y", "origin": [0, 0, 16]},
			"faces": {
				"north": {"uv": [2, 2, 0.66667, 2.33333], "texture": "#texture"},
				"east": {"uv": [2.66667, 2, 2, 2.33333], "texture": "#texture"},
				"south": {"uv": [4, 2, 2.66667, 2.33333], "texture": "#texture"},
				"west": {"uv": [0.66667, 2, 0, 2.33333], "texture": "#texture"},
				"up": {"uv": [0.66667, 2, 2, 1.33333], "texture": "#texture"},
				"down": {"uv": [0, 0, 0, 0], "texture": "#texture"}
			}
		},
		{
			"name": "cabinets",
			"from": [1, 2, -1],
			"to": [15, 14, 0],
			"rotation": {"angle": 0, "axis": "y", "origin": [0, 0, 16]},
			"faces": {
				"north": {"uv": [10.33333, 9, 5.66667, 13], "texture": "#texture"},
				"east": {"uv": [10.33333, 9, 10, 13], "texture": "#texture"},
				"south": {"uv": [0, 0, 0, 0], "texture": "#texture"},
				"west": {"uv": [6, 9, 5.66667, 13], "texture": "#texture"},
				"up": {"uv": [5.66667, 9.33333, 10.33333, 9], "texture": "#texture"},
				"down": {"uv": [5.66667, 13, 10.33333, 12.66667], "texture": "#texture"}
			}
		},
		{
			"name": "bottom",
			"from": [2, 0, 2],
			"to": [14, 6, 12],
			"rotation": {"angle": 0, "axis": "y", "origin": [0, 0, 16]},
			"faces": {
				"north": {"uv": [0, 0, 0, 0], "texture": "#texture"},
				"east": {"uv": [0, 0, 0, 0], "texture": "#texture"},
				"south": {"uv": [0, 0, 0, 0], "texture": "#texture"},
				"west": {"uv": [0, 0, 0, 0], "texture": "#texture"},
				"up": {"uv": [11, 6, 15, 2.66667], "texture": "#texture"},
				"down": {"uv": [0.66667, 6.66667, 4.66667, 3.33333], "texture": "#texture"}
			}
		}
	],
	"display": {
		"thirdperson_righthand": {
			"rotation": [25, -45, 0],
			"translation": [-1.5, 0, -1.5],
			"scale": [0.5, 0.5, 0.5]
		},
		"thirdperson_lefthand": {
			"rotation": [25, -45, 0],
			"translation": [-1.5, 0, -1.5],
			"scale": [0.5, 0.5, 0.5]
		},
		"firstperson_righthand": {
			"rotation": [0, -45, 0],
			"translation": [0, 2, 0],
			"scale": [0.75, 0.75, 0.75]
		},
		"firstperson_lefthand": {
			"rotation": [0, -45, 0],
			"translation": [0, 2, 0],
			"scale": [0.75, 0.75, 0.75]
		},
		"ground": {
			"translation": [0, 2, 0],
			"scale": [0.5, 0.5, 0.5]
		},
		"gui": {
			"rotation": [30, -45, 0],
			"translation": [0, -0.5, 0],
			"scale": [0.55, 0.55, 0.55]
		},
		"head": {
			"rotation": [0, 180, 0]
		},
		"fixed": {
			"rotation": [0, 180, 0],
			"translation": [0, 0, 16],
			"scale": [2.01, 2.01, 2.01]
		}
	}
}