{
  "parent" : "minecraft:item/generated",
  "textures" : {
    "layer0" : "item/diamond"
  },
  "overrides" : [ {
    "predicate" : {
      "custom_model_data" : 1
    },
    "model" : "minecraft:item/diamond/beds/bedframes/acacia_bed"
  }, {
    "predicate" : {
      "custom_model_data" : 2
    },
    "model" : "minecraft:item/diamond/beds/bedframes/bamboo_bed"
  }, {
    "predicate" : {
      "custom_model_data" : 3
    },
    "model" : "minecraft:item/diamond/beds/bedframes/birch_bed"
  }, {
    "predicate" : {
      "custom_model_data" : 4
    },
    "model" : "minecraft:item/diamond/beds/bedframes/cherry_bed"
  }, {
    "predicate" : {
      "custom_model_data" : 5
    },
    "model" : "minecraft:item/diamond/beds/bedframes/crimson_bed"
  }, {
    "predicate" : {
      "custom_model_data" : 6
    },
    "model" : "minecraft:item/diamond/beds/bedframes/dark_oak_bed"
  }, {
    "predicate" : {
      "custom_model_data" : 7
    },
    "model" : "minecraft:item/diamond/beds/bedframes/jungle_bed"
  }, {
    "predicate" : {
      "custom_model_data" : 8
    },
    "model" : "minecraft:item/diamond/beds/bedframes/mangrove_bed"
  }, {
    "predicate" : {
      "custom_model_data" : 9
    },
    "model" : "minecraft:item/diamond/beds/bedframes/oak_bed"
  }, {
    "predicate" : {
      "custom_model_data" : 10
    },
    "model" : "minecraft:item/diamond/beds/bedframes/spruce_bed"
  }, {
    "predicate" : {
      "custom_model_data" : 11
    },
    "model" : "minecraft:item/diamond/beds/bedframes/warped_bed"
  }, {
    "predicate" : {
      "custom_model_data" : 12
    },
    "model" : "minecraft:item/diamond/beds/coffins/acacia_coffin"
  }, {
    "predicate" : {
      "custom_model_data" : 13
    },
    "model" : "minecraft:item/diamond/beds/coffins/bamboo_coffin"
  }, {
    "predicate" : {
      "custom_model_data" : 14
    },
    "model" : "minecraft:item/diamond/beds/coffins/birch_coffin"
  }, {
    "predicate" : {
      "custom_model_data" : 15
    },
    "model" : "minecraft:item/diamond/beds/coffins/cherry_coffin"
  }, {
    "predicate" : {
      "custom_model_data" : 16
    },
    "model" : "minecraft:item/diamond/beds/coffins/crimson_coffin"
  }, {
    "predicate" : {
      "custom_model_data" : 17
    },
    "model" : "minecraft:item/diamond/beds/coffins/dark_oak_coffin"
  }, {
    "predicate" : {
      "custom_model_data" : 18
    },
    "model" : "minecraft:item/diamond/beds/coffins/jungle_coffin"
  }, {
    "predicate" : {
      "custom_model_data" : 19
    },
    "model" : "minecraft:item/diamond/beds/coffins/mangrove_coffin"
  }, {
    "predicate" : {
      "custom_model_data" : 20
    },
    "model" : "minecraft:item/diamond/beds/coffins/oak_coffin"
  }, {
    "predicate" : {
      "custom_model_data" : 21
    },
    "model" : "minecraft:item/diamond/beds/coffins/spruce_coffin"
  }, {
    "predicate" : {
      "custom_model_data" : 22
    },
    "model" : "minecraft:item/diamond/beds/coffins/warped_coffin"
  }, {
    "predicate" : {
      "custom_model_data" : 23
    },
    "model" : "minecraft:item/diamond/beds/double_bedframes/acacia_dbed"
  }, {
    "predicate" : {
      "custom_model_data" : 24
    },
    "model" : "minecraft:item/diamond/beds/double_bedframes/bamboo_dbed"
  }, {
    "predicate" : {
      "custom_model_data" : 25
    },
    "model" : "minecraft:item/diamond/beds/double_bedframes/birch_dbed"
  }, {
    "predicate" : {
      "custom_model_data" : 26
    },
    "model" : "minecraft:item/diamond/beds/double_bedframes/cherry_dbed"
  }, {
    "predicate" : {
      "custom_model_data" : 27
    },
    "model" : "minecraft:item/diamond/beds/double_bedframes/crimson_dbed"
  }, {
    "predicate" : {
      "custom_model_data" : 28
    },
    "model" : "minecraft:item/diamond/beds/double_bedframes/dark_oak_dbed"
  }, {
    "predicate" : {
      "custom_model_data" : 29
    },
    "model" : "minecraft:item/diamond/beds/double_bedframes/jungle_dbed"
  }, {
    "predicate" : {
      "custom_model_data" : 30
    },
    "model" : "minecraft:item/diamond/beds/double_bedframes/mangrove_dbed"
  }, {
    "predicate" : {
      "custom_model_data" : 31
    },
    "model" : "minecraft:item/diamond/beds/double_bedframes/oak_dbed"
  }, {
    "predicate" : {
      "custom_model_data" : 32
    },
    "model" : "minecraft:item/diamond/beds/double_bedframes/spruce_dbed"
  }, {
    "predicate" : {
      "custom_model_data" : 33
    },
    "model" : "minecraft:item/diamond/beds/double_bedframes/warped_dbed"
  }, {
    "predicate" : {
      "custom_model_data" : 34
    },
    "model" : "minecraft:item/diamond/computers/desktops/black_computer"
  }, {
    "predicate" : {
      "custom_model_data" : 35
    },
    "model" : "minecraft:item/diamond/computers/desktops/blue_computer"
  }, {
    "predicate" : {
      "custom_model_data" : 36
    },
    "model" : "minecraft:item/diamond/computers/desktops/brown_computer"
  }, {
    "predicate" : {
      "custom_model_data" : 37
    },
    "model" : "minecraft:item/diamond/computers/desktops/cyan_computer"
  }, {
    "predicate" : {
      "custom_model_data" : 38
    },
    "model" : "minecraft:item/diamond/computers/desktops/gray_computer"
  }, {
    "predicate" : {
      "custom_model_data" : 39
    },
    "model" : "minecraft:item/diamond/computers/desktops/green_computer"
  }, {
    "predicate" : {
      "custom_model_data" : 40
    },
    "model" : "minecraft:item/diamond/computers/desktops/lblue_computer"
  }, {
    "predicate" : {
      "custom_model_data" : 41
    },
    "model" : "minecraft:item/diamond/computers/desktops/lgray_computer"
  }, {
    "predicate" : {
      "custom_model_data" : 42
    },
    "model" : "minecraft:item/diamond/computers/desktops/lime_computer"
  }, {
    "predicate" : {
      "custom_model_data" : 43
    },
    "model" : "minecraft:item/diamond/computers/desktops/magenta_computer"
  }, {
    "predicate" : {
      "custom_model_data" : 44
    },
    "model" : "minecraft:item/diamond/computers/desktops/orange_computer"
  }, {
    "predicate" : {
      "custom_model_data" : 45
    },
    "model" : "minecraft:item/diamond/computers/desktops/pink_computer"
  }, {
    "predicate" : {
      "custom_model_data" : 46
    },
    "model" : "minecraft:item/diamond/computers/desktops/purple_computer"
  }, {
    "predicate" : {
      "custom_model_data" : 47
    },
    "model" : "minecraft:item/diamond/computers/desktops/red_computer"
  }, {
    "predicate" : {
      "custom_model_data" : 48
    },
    "model" : "minecraft:item/diamond/computers/desktops/white_computer"
  }, {
    "predicate" : {
      "custom_model_data" : 49
    },
    "model" : "minecraft:item/diamond/computers/desktops/yellow_computer"
  }, {
    "predicate" : {
      "custom_model_data" : 50
    },
    "model" : "minecraft:item/diamond/computers/laptops/black_laptop"
  }, {
    "predicate" : {
      "custom_model_data" : 51
    },
    "model" : "minecraft:item/diamond/computers/laptops/blue_laptop"
  }, {
    "predicate" : {
      "custom_model_data" : 52
    },
    "model" : "minecraft:item/diamond/computers/laptops/brown_laptop"
  }, {
    "predicate" : {
      "custom_model_data" : 53
    },
    "model" : "minecraft:item/diamond/computers/laptops/cyan_laptop"
  }, {
    "predicate" : {
      "custom_model_data" : 54
    },
    "model" : "minecraft:item/diamond/computers/laptops/gray_laptop"
  }, {
    "predicate" : {
      "custom_model_data" : 55
    },
    "model" : "minecraft:item/diamond/computers/laptops/green_laptop"
  }, {
    "predicate" : {
      "custom_model_data" : 56
    },
    "model" : "minecraft:item/diamond/computers/laptops/lblue_laptop"
  }, {
    "predicate" : {
      "custom_model_data" : 57
    },
    "model" : "minecraft:item/diamond/computers/laptops/lgray_laptop"
  }, {
    "predicate" : {
      "custom_model_data" : 58
    },
    "model" : "minecraft:item/diamond/computers/laptops/lime_laptop"
  }, {
    "predicate" : {
      "custom_model_data" : 59
    },
    "model" : "minecraft:item/diamond/computers/laptops/magenta_laptop"
  }, {
    "predicate" : {
      "custom_model_data" : 60
    },
    "model" : "minecraft:item/diamond/computers/laptops/orange_laptop"
  }, {
    "predicate" : {
      "custom_model_data" : 61
    },
    "model" : "minecraft:item/diamond/computers/laptops/pink_laptop"
  }, {
    "predicate" : {
      "custom_model_data" : 62
    },
    "model" : "minecraft:item/diamond/computers/laptops/purple_laptop"
  }, {
    "predicate" : {
      "custom_model_data" : 63
    },
    "model" : "minecraft:item/diamond/computers/laptops/red_laptop"
  }, {
    "predicate" : {
      "custom_model_data" : 64
    },
    "model" : "minecraft:item/diamond/computers/laptops/white_laptop"
  }, {
    "predicate" : {
      "custom_model_data" : 65
    },
    "model" : "minecraft:item/diamond/computers/laptops/yellow_laptop"
  }, {
    "predicate" : {
      "custom_model_data" : 66
    },
    "model" : "minecraft:item/diamond/computers/monitors/black_monitor"
  }, {
    "predicate" : {
      "custom_model_data" : 67
    },
    "model" : "minecraft:item/diamond/computers/monitors/white_monitor"
  }, {
    "predicate" : {
      "custom_model_data" : 68
    },
    "model" : "minecraft:item/diamond/desks/acacia_desk"
  }, {
    "predicate" : {
      "custom_model_data" : 69
    },
    "model" : "minecraft:item/diamond/desks/bamboo_desk"
  }, {
    "predicate" : {
      "custom_model_data" : 70
    },
    "model" : "minecraft:item/diamond/desks/birch_desk"
  }, {
    "predicate" : {
      "custom_model_data" : 71
    },
    "model" : "minecraft:item/diamond/desks/cherry_desk"
  }, {
    "predicate" : {
      "custom_model_data" : 72
    },
    "model" : "minecraft:item/diamond/desks/crimson_desk"
  }, {
    "predicate" : {
      "custom_model_data" : 73
    },
    "model" : "minecraft:item/diamond/desks/dark_oak_desk"
  }, {
    "predicate" : {
      "custom_model_data" : 74
    },
    "model" : "minecraft:item/diamond/desks/jungle_desk"
  }, {
    "predicate" : {
      "custom_model_data" : 75
    },
    "model" : "minecraft:item/diamond/desks/mangrove_desk"
  }, {
    "predicate" : {
      "custom_model_data" : 76
    },
    "model" : "minecraft:item/diamond/desks/oak_desk"
  }, {
    "predicate" : {
      "custom_model_data" : 77
    },
    "model" : "minecraft:item/diamond/desks/spruce_desk"
  }, {
    "predicate" : {
      "custom_model_data" : 78
    },
    "model" : "minecraft:item/diamond/desks/warped_desk"
  }, {
    "predicate" : {
      "custom_model_data" : 79
    },
    "model" : "minecraft:item/diamond/dressers/acacia_dresser"
  }, {
    "predicate" : {
      "custom_model_data" : 80
    },
    "model" : "minecraft:item/diamond/dressers/bamboo_dresser"
  }, {
    "predicate" : {
      "custom_model_data" : 81
    },
    "model" : "minecraft:item/diamond/dressers/birch_dresser"
  }, {
    "predicate" : {
      "custom_model_data" : 82
    },
    "model" : "minecraft:item/diamond/dressers/cherry_dresser"
  }, {
    "predicate" : {
      "custom_model_data" : 83
    },
    "model" : "minecraft:item/diamond/dressers/crimson_dresser"
  }, {
    "predicate" : {
      "custom_model_data" : 84
    },
    "model" : "minecraft:item/diamond/dressers/dark_oak_dresser"
  }, {
    "predicate" : {
      "custom_model_data" : 85
    },
    "model" : "minecraft:item/diamond/dressers/jungle_dresser"
  }, {
    "predicate" : {
      "custom_model_data" : 86
    },
    "model" : "minecraft:item/diamond/dressers/mangrove_dresser"
  }, {
    "predicate" : {
      "custom_model_data" : 87
    },
    "model" : "minecraft:item/diamond/dressers/oak_dresser"
  }, {
    "predicate" : {
      "custom_model_data" : 88
    },
    "model" : "minecraft:item/diamond/dressers/spruce_dresser"
  }, {
    "predicate" : {
      "custom_model_data" : 89
    },
    "model" : "minecraft:item/diamond/dressers/warped_dresser"
  }, {
    "predicate" : {
      "custom_model_data" : 90
    },
    "model" : "minecraft:item/diamond/nightstands/acacia_nightstand"
  }, {
    "predicate" : {
      "custom_model_data" : 91
    },
    "model" : "minecraft:item/diamond/nightstands/bamboo_nightstand"
  }, {
    "predicate" : {
      "custom_model_data" : 92
    },
    "model" : "minecraft:item/diamond/nightstands/birch_nightstand"
  }, {
    "predicate" : {
      "custom_model_data" : 93
    },
    "model" : "minecraft:item/diamond/nightstands/cherry_nightstand"
  }, {
    "predicate" : {
      "custom_model_data" : 94
    },
    "model" : "minecraft:item/diamond/nightstands/crimson_nightstand"
  }, {
    "predicate" : {
      "custom_model_data" : 95
    },
    "model" : "minecraft:item/diamond/nightstands/dark_oak_nightstand"
  }, {
    "predicate" : {
      "custom_model_data" : 96
    },
    "model" : "minecraft:item/diamond/nightstands/jungle_nightstand"
  }, {
    "predicate" : {
      "custom_model_data" : 97
    },
    "model" : "minecraft:item/diamond/nightstands/mangrove_nightstand"
  }, {
    "predicate" : {
      "custom_model_data" : 98
    },
    "model" : "minecraft:item/diamond/nightstands/oak_nightstand"
  }, {
    "predicate" : {
      "custom_model_data" : 99
    },
    "model" : "minecraft:item/diamond/nightstands/spruce_nightstand"
  }, {
    "predicate" : {
      "custom_model_data" : 100
    },
    "model" : "minecraft:item/diamond/nightstands/warped_nightstand"
  }, {
    "predicate" : {
      "custom_model_data" : 101
    },
    "model" : "minecraft:item/diamond/planters/acacia_planter"
  }, {
    "predicate" : {
      "custom_model_data" : 102
    },
    "model" : "minecraft:item/diamond/planters/bamboo_planter"
  }, {
    "predicate" : {
      "custom_model_data" : 103
    },
    "model" : "minecraft:item/diamond/planters/birch_planter"
  }, {
    "predicate" : {
      "custom_model_data" : 104
    },
    "model" : "minecraft:item/diamond/planters/cherry_planter"
  }, {
    "predicate" : {
      "custom_model_data" : 105
    },
    "model" : "minecraft:item/diamond/planters/crimson_planter"
  }, {
    "predicate" : {
      "custom_model_data" : 106
    },
    "model" : "minecraft:item/diamond/planters/dark_oak_planter"
  }, {
    "predicate" : {
      "custom_model_data" : 107
    },
    "model" : "minecraft:item/diamond/planters/jungle_planter"
  }, {
    "predicate" : {
      "custom_model_data" : 108
    },
    "model" : "minecraft:item/diamond/planters/mangrove_planter"
  }, {
    "predicate" : {
      "custom_model_data" : 109
    },
    "model" : "minecraft:item/diamond/planters/oak_planter"
  }, {
    "predicate" : {
      "custom_model_data" : 110
    },
    "model" : "minecraft:item/diamond/planters/spruce_planter"
  }, {
    "predicate" : {
      "custom_model_data" : 111
    },
    "model" : "minecraft:item/diamond/planters/warped_planter"
  }, {
    "predicate" : {
      "custom_model_data" : 112
    },
    "model" : "minecraft:item/diamond/sinks/diamond_sink"
  }, {
    "predicate" : {
      "custom_model_data" : 113
    },
    "model" : "minecraft:item/diamond/sinks/golden_sink"
  }, {
    "predicate" : {
      "custom_model_data" : 114
    },
    "model" : "minecraft:item/diamond/sinks/wood_sinks/acacia_sink"
  }, {
    "predicate" : {
      "custom_model_data" : 115
    },
    "model" : "minecraft:item/diamond/sinks/wood_sinks/bamboo_sink"
  }, {
    "predicate" : {
      "custom_model_data" : 116
    },
    "model" : "minecraft:item/diamond/sinks/wood_sinks/birch_sink"
  }, {
    "predicate" : {
      "custom_model_data" : 117
    },
    "model" : "minecraft:item/diamond/sinks/wood_sinks/cherry_sink"
  }, {
    "predicate" : {
      "custom_model_data" : 118
    },
    "model" : "minecraft:item/diamond/sinks/wood_sinks/crimson_sink"
  }, {
    "predicate" : {
      "custom_model_data" : 119
    },
    "model" : "minecraft:item/diamond/sinks/wood_sinks/dark_oak_sink"
  }, {
    "predicate" : {
      "custom_model_data" : 120
    },
    "model" : "minecraft:item/diamond/sinks/wood_sinks/jungle_sink"
  }, {
    "predicate" : {
      "custom_model_data" : 121
    },
    "model" : "minecraft:item/diamond/sinks/wood_sinks/mangrove_sink"
  }, {
    "predicate" : {
      "custom_model_data" : 122
    },
    "model" : "minecraft:item/diamond/sinks/wood_sinks/oak_sink"
  }, {
    "predicate" : {
      "custom_model_data" : 123
    },
    "model" : "minecraft:item/diamond/sinks/wood_sinks/spruce_sink"
  }, {
    "predicate" : {
      "custom_model_data" : 124
    },
    "model" : "minecraft:item/diamond/sinks/wood_sinks/warped_sink"
  }, {
    "predicate" : {
      "custom_model_data" : 125
    },
    "model" : "minecraft:item/diamond/sofas/benchsofas/benchsofa_black"
  }, {
    "predicate" : {
      "custom_model_data" : 126
    },
    "model" : "minecraft:item/diamond/sofas/benchsofas/benchsofa_blue"
  }, {
    "predicate" : {
      "custom_model_data" : 127
    },
    "model" : "minecraft:item/diamond/sofas/benchsofas/benchsofa_brown"
  }, {
    "predicate" : {
      "custom_model_data" : 128
    },
    "model" : "minecraft:item/diamond/sofas/benchsofas/benchsofa_cyan"
  }, {
    "predicate" : {
      "custom_model_data" : 129
    },
    "model" : "minecraft:item/diamond/sofas/benchsofas/benchsofa_gray"
  }, {
    "predicate" : {
      "custom_model_data" : 130
    },
    "model" : "minecraft:item/diamond/sofas/benchsofas/benchsofa_green"
  }, {
    "predicate" : {
      "custom_model_data" : 131
    },
    "model" : "minecraft:item/diamond/sofas/benchsofas/benchsofa_light_blue"
  }, {
    "predicate" : {
      "custom_model_data" : 132
    },
    "model" : "minecraft:item/diamond/sofas/benchsofas/benchsofa_light_gray"
  }, {
    "predicate" : {
      "custom_model_data" : 133
    },
    "model" : "minecraft:item/diamond/sofas/benchsofas/benchsofa_lime"
  }, {
    "predicate" : {
      "custom_model_data" : 134
    },
    "model" : "minecraft:item/diamond/sofas/benchsofas/benchsofa_magenta"
  }, {
    "predicate" : {
      "custom_model_data" : 135
    },
    "model" : "minecraft:item/diamond/sofas/benchsofas/benchsofa_orange"
  }, {
    "predicate" : {
      "custom_model_data" : 136
    },
    "model" : "minecraft:item/diamond/sofas/benchsofas/benchsofa_pink"
  }, {
    "predicate" : {
      "custom_model_data" : 137
    },
    "model" : "minecraft:item/diamond/sofas/benchsofas/benchsofa_purple"
  }, {
    "predicate" : {
      "custom_model_data" : 138
    },
    "model" : "minecraft:item/diamond/sofas/benchsofas/benchsofa_red"
  }, {
    "predicate" : {
      "custom_model_data" : 139
    },
    "model" : "minecraft:item/diamond/sofas/benchsofas/benchsofa_white"
  }, {
    "predicate" : {
      "custom_model_data" : 140
    },
    "model" : "minecraft:item/diamond/sofas/benchsofas/benchsofa_yellow"
  }, {
    "predicate" : {
      "custom_model_data" : 141
    },
    "model" : "minecraft:item/diamond/sofas/cornersofas/cornersofa_black"
  }, {
    "predicate" : {
      "custom_model_data" : 142
    },
    "model" : "minecraft:item/diamond/sofas/cornersofas/cornersofa_blue"
  }, {
    "predicate" : {
      "custom_model_data" : 143
    },
    "model" : "minecraft:item/diamond/sofas/cornersofas/cornersofa_brown"
  }, {
    "predicate" : {
      "custom_model_data" : 144
    },
    "model" : "minecraft:item/diamond/sofas/cornersofas/cornersofa_cyan"
  }, {
    "predicate" : {
      "custom_model_data" : 145
    },
    "model" : "minecraft:item/diamond/sofas/cornersofas/cornersofa_gray"
  }, {
    "predicate" : {
      "custom_model_data" : 146
    },
    "model" : "minecraft:item/diamond/sofas/cornersofas/cornersofa_green"
  }, {
    "predicate" : {
      "custom_model_data" : 147
    },
    "model" : "minecraft:item/diamond/sofas/cornersofas/cornersofa_light_blue"
  }, {
    "predicate" : {
      "custom_model_data" : 148
    },
    "model" : "minecraft:item/diamond/sofas/cornersofas/cornersofa_light_gray"
  }, {
    "predicate" : {
      "custom_model_data" : 149
    },
    "model" : "minecraft:item/diamond/sofas/cornersofas/cornersofa_lime"
  }, {
    "predicate" : {
      "custom_model_data" : 150
    },
    "model" : "minecraft:item/diamond/sofas/cornersofas/cornersofa_magenta"
  }, {
    "predicate" : {
      "custom_model_data" : 151
    },
    "model" : "minecraft:item/diamond/sofas/cornersofas/cornersofa_orange"
  }, {
    "predicate" : {
      "custom_model_data" : 152
    },
    "model" : "minecraft:item/diamond/sofas/cornersofas/cornersofa_pink"
  }, {
    "predicate" : {
      "custom_model_data" : 153
    },
    "model" : "minecraft:item/diamond/sofas/cornersofas/cornersofa_purple"
  }, {
    "predicate" : {
      "custom_model_data" : 154
    },
    "model" : "minecraft:item/diamond/sofas/cornersofas/cornersofa_red"
  }, {
    "predicate" : {
      "custom_model_data" : 155
    },
    "model" : "minecraft:item/diamond/sofas/cornersofas/cornersofa_white"
  }, {
    "predicate" : {
      "custom_model_data" : 156
    },
    "model" : "minecraft:item/diamond/sofas/cornersofas/cornersofa_yellow"
  }, {
    "predicate" : {
      "custom_model_data" : 157
    },
    "model" : "minecraft:item/diamond/sofas/leftsofas/leftsofa_black"
  }, {
    "predicate" : {
      "custom_model_data" : 158
    },
    "model" : "minecraft:item/diamond/sofas/leftsofas/leftsofa_blue"
  }, {
    "predicate" : {
      "custom_model_data" : 159
    },
    "model" : "minecraft:item/diamond/sofas/leftsofas/leftsofa_brown"
  }, {
    "predicate" : {
      "custom_model_data" : 160
    },
    "model" : "minecraft:item/diamond/sofas/leftsofas/leftsofa_cyan"
  }, {
    "predicate" : {
      "custom_model_data" : 161
    },
    "model" : "minecraft:item/diamond/sofas/leftsofas/leftsofa_gray"
  }, {
    "predicate" : {
      "custom_model_data" : 162
    },
    "model" : "minecraft:item/diamond/sofas/leftsofas/leftsofa_green"
  }, {
    "predicate" : {
      "custom_model_data" : 163
    },
    "model" : "minecraft:item/diamond/sofas/leftsofas/leftsofa_light_blue"
  }, {
    "predicate" : {
      "custom_model_data" : 164
    },
    "model" : "minecraft:item/diamond/sofas/leftsofas/leftsofa_light_gray"
  }, {
    "predicate" : {
      "custom_model_data" : 165
    },
    "model" : "minecraft:item/diamond/sofas/leftsofas/leftsofa_lime"
  }, {
    "predicate" : {
      "custom_model_data" : 166
    },
    "model" : "minecraft:item/diamond/sofas/leftsofas/leftsofa_magenta"
  }, {
    "predicate" : {
      "custom_model_data" : 167
    },
    "model" : "minecraft:item/diamond/sofas/leftsofas/leftsofa_orange"
  }, {
    "predicate" : {
      "custom_model_data" : 168
    },
    "model" : "minecraft:item/diamond/sofas/leftsofas/leftsofa_pink"
  }, {
    "predicate" : {
      "custom_model_data" : 169
    },
    "model" : "minecraft:item/diamond/sofas/leftsofas/leftsofa_purple"
  }, {
    "predicate" : {
      "custom_model_data" : 170
    },
    "model" : "minecraft:item/diamond/sofas/leftsofas/leftsofa_red"
  }, {
    "predicate" : {
      "custom_model_data" : 171
    },
    "model" : "minecraft:item/diamond/sofas/leftsofas/leftsofa_white"
  }, {
    "predicate" : {
      "custom_model_data" : 172
    },
    "model" : "minecraft:item/diamond/sofas/leftsofas/leftsofa_yellow"
  }, {
    "predicate" : {
      "custom_model_data" : 173
    },
    "model" : "minecraft:item/diamond/sofas/middlesofas/middlesofa_black"
  }, {
    "predicate" : {
      "custom_model_data" : 174
    },
    "model" : "minecraft:item/diamond/sofas/middlesofas/middlesofa_blue"
  }, {
    "predicate" : {
      "custom_model_data" : 175
    },
    "model" : "minecraft:item/diamond/sofas/middlesofas/middlesofa_brown"
  }, {
    "predicate" : {
      "custom_model_data" : 176
    },
    "model" : "minecraft:item/diamond/sofas/middlesofas/middlesofa_cyan"
  }, {
    "predicate" : {
      "custom_model_data" : 177
    },
    "model" : "minecraft:item/diamond/sofas/middlesofas/middlesofa_gray"
  }, {
    "predicate" : {
      "custom_model_data" : 178
    },
    "model" : "minecraft:item/diamond/sofas/middlesofas/middlesofa_green"
  }, {
    "predicate" : {
      "custom_model_data" : 179
    },
    "model" : "minecraft:item/diamond/sofas/middlesofas/middlesofa_light_blue"
  }, {
    "predicate" : {
      "custom_model_data" : 180
    },
    "model" : "minecraft:item/diamond/sofas/middlesofas/middlesofa_light_gray"
  }, {
    "predicate" : {
      "custom_model_data" : 181
    },
    "model" : "minecraft:item/diamond/sofas/middlesofas/middlesofa_lime"
  }, {
    "predicate" : {
      "custom_model_data" : 182
    },
    "model" : "minecraft:item/diamond/sofas/middlesofas/middlesofa_magenta"
  }, {
    "predicate" : {
      "custom_model_data" : 183
    },
    "model" : "minecraft:item/diamond/sofas/middlesofas/middlesofa_orange"
  }, {
    "predicate" : {
      "custom_model_data" : 184
    },
    "model" : "minecraft:item/diamond/sofas/middlesofas/middlesofa_pink"
  }, {
    "predicate" : {
      "custom_model_data" : 185
    },
    "model" : "minecraft:item/diamond/sofas/middlesofas/middlesofa_purple"
  }, {
    "predicate" : {
      "custom_model_data" : 186
    },
    "model" : "minecraft:item/diamond/sofas/middlesofas/middlesofa_red"
  }, {
    "predicate" : {
      "custom_model_data" : 187
    },
    "model" : "minecraft:item/diamond/sofas/middlesofas/middlesofa_white"
  }, {
    "predicate" : {
      "custom_model_data" : 188
    },
    "model" : "minecraft:item/diamond/sofas/middlesofas/middlesofa_yellow"
  }, {
    "predicate" : {
      "custom_model_data" : 189
    },
    "model" : "minecraft:item/diamond/sofas/rightsofas/rightsofa_black"
  }, {
    "predicate" : {
      "custom_model_data" : 190
    },
    "model" : "minecraft:item/diamond/sofas/rightsofas/rightsofa_blue"
  }, {
    "predicate" : {
      "custom_model_data" : 191
    },
    "model" : "minecraft:item/diamond/sofas/rightsofas/rightsofa_brown"
  }, {
    "predicate" : {
      "custom_model_data" : 192
    },
    "model" : "minecraft:item/diamond/sofas/rightsofas/rightsofa_cyan"
  }, {
    "predicate" : {
      "custom_model_data" : 193
    },
    "model" : "minecraft:item/diamond/sofas/rightsofas/rightsofa_gray"
  }, {
    "predicate" : {
      "custom_model_data" : 194
    },
    "model" : "minecraft:item/diamond/sofas/rightsofas/rightsofa_green"
  }, {
    "predicate" : {
      "custom_model_data" : 195
    },
    "model" : "minecraft:item/diamond/sofas/rightsofas/rightsofa_light_blue"
  }, {
    "predicate" : {
      "custom_model_data" : 196
    },
    "model" : "minecraft:item/diamond/sofas/rightsofas/rightsofa_light_gray"
  }, {
    "predicate" : {
      "custom_model_data" : 197
    },
    "model" : "minecraft:item/diamond/sofas/rightsofas/rightsofa_lime"
  }, {
    "predicate" : {
      "custom_model_data" : 198
    },
    "model" : "minecraft:item/diamond/sofas/rightsofas/rightsofa_magenta"
  }, {
    "predicate" : {
      "custom_model_data" : 199
    },
    "model" : "minecraft:item/diamond/sofas/rightsofas/rightsofa_orange"
  }, {
    "predicate" : {
      "custom_model_data" : 200
    },
    "model" : "minecraft:item/diamond/sofas/rightsofas/rightsofa_pink"
  }, {
    "predicate" : {
      "custom_model_data" : 201
    },
    "model" : "minecraft:item/diamond/sofas/rightsofas/rightsofa_purple"
  }, {
    "predicate" : {
      "custom_model_data" : 202
    },
    "model" : "minecraft:item/diamond/sofas/rightsofas/rightsofa_red"
  }, {
    "predicate" : {
      "custom_model_data" : 203
    },
    "model" : "minecraft:item/diamond/sofas/rightsofas/rightsofa_white"
  }, {
    "predicate" : {
      "custom_model_data" : 204
    },
    "model" : "minecraft:item/diamond/sofas/rightsofas/rightsofa_yellow"
  }, {
    "predicate" : {
      "custom_model_data" : 205
    },
    "model" : "minecraft:item/diamond/sofas/singlesofas/singlesofa_black"
  }, {
    "predicate" : {
      "custom_model_data" : 206
    },
    "model" : "minecraft:item/diamond/sofas/singlesofas/singlesofa_blue"
  }, {
    "predicate" : {
      "custom_model_data" : 207
    },
    "model" : "minecraft:item/diamond/sofas/singlesofas/singlesofa_brown"
  }, {
    "predicate" : {
      "custom_model_data" : 208
    },
    "model" : "minecraft:item/diamond/sofas/singlesofas/singlesofa_cyan"
  }, {
    "predicate" : {
      "custom_model_data" : 209
    },
    "model" : "minecraft:item/diamond/sofas/singlesofas/singlesofa_gray"
  }, {
    "predicate" : {
      "custom_model_data" : 210
    },
    "model" : "minecraft:item/diamond/sofas/singlesofas/singlesofa_green"
  }, {
    "predicate" : {
      "custom_model_data" : 211
    },
    "model" : "minecraft:item/diamond/sofas/singlesofas/singlesofa_light_blue"
  }, {
    "predicate" : {
      "custom_model_data" : 212
    },
    "model" : "minecraft:item/diamond/sofas/singlesofas/singlesofa_light_gray"
  }, {
    "predicate" : {
      "custom_model_data" : 213
    },
    "model" : "minecraft:item/diamond/sofas/singlesofas/singlesofa_lime"
  }, {
    "predicate" : {
      "custom_model_data" : 214
    },
    "model" : "minecraft:item/diamond/sofas/singlesofas/singlesofa_magenta"
  }, {
    "predicate" : {
      "custom_model_data" : 215
    },
    "model" : "minecraft:item/diamond/sofas/singlesofas/singlesofa_orange"
  }, {
    "predicate" : {
      "custom_model_data" : 216
    },
    "model" : "minecraft:item/diamond/sofas/singlesofas/singlesofa_pink"
  }, {
    "predicate" : {
      "custom_model_data" : 217
    },
    "model" : "minecraft:item/diamond/sofas/singlesofas/singlesofa_purple"
  }, {
    "predicate" : {
      "custom_model_data" : 218
    },
    "model" : "minecraft:item/diamond/sofas/singlesofas/singlesofa_red"
  }, {
    "predicate" : {
      "custom_model_data" : 219
    },
    "model" : "minecraft:item/diamond/sofas/singlesofas/singlesofa_white"
  }, {
    "predicate" : {
      "custom_model_data" : 220
    },
    "model" : "minecraft:item/diamond/sofas/singlesofas/singlesofa_yellow"
  }, {
    "predicate" : {
      "custom_model_data" : 221
    },
    "model" : "minecraft:item/diamond/standing_mirrors/acacia_standing_mirror"
  }, {
    "predicate" : {
      "custom_model_data" : 222
    },
    "model" : "minecraft:item/diamond/standing_mirrors/bamboo_standing_mirror"
  }, {
    "predicate" : {
      "custom_model_data" : 223
    },
    "model" : "minecraft:item/diamond/standing_mirrors/birch_standing_mirror"
  }, {
    "predicate" : {
      "custom_model_data" : 224
    },
    "model" : "minecraft:item/diamond/standing_mirrors/cherry_standing_mirror"
  }, {
    "predicate" : {
      "custom_model_data" : 225
    },
    "model" : "minecraft:item/diamond/standing_mirrors/crimson_standing_mirror"
  }, {
    "predicate" : {
      "custom_model_data" : 226
    },
    "model" : "minecraft:item/diamond/standing_mirrors/dark_oak_standing_mirror"
  }, {
    "predicate" : {
      "custom_model_data" : 227
    },
    "model" : "minecraft:item/diamond/standing_mirrors/jungle_standing_mirror"
  }, {
    "predicate" : {
      "custom_model_data" : 228
    },
    "model" : "minecraft:item/diamond/standing_mirrors/mangrove_standing_mirror"
  }, {
    "predicate" : {
      "custom_model_data" : 229
    },
    "model" : "minecraft:item/diamond/standing_mirrors/oak_standing_mirror"
  }, {
    "predicate" : {
      "custom_model_data" : 230
    },
    "model" : "minecraft:item/diamond/standing_mirrors/spruce_standing_mirror"
  }, {
    "predicate" : {
      "custom_model_data" : 231
    },
    "model" : "minecraft:item/diamond/standing_mirrors/warped_standing_mirror"
  }, {
    "predicate" : {
      "custom_model_data" : 232
    },
    "model" : "minecraft:item/diamond/stoves/colored_stoves/black_stove"
  }, {
    "predicate" : {
      "custom_model_data" : 233
    },
    "model" : "minecraft:item/diamond/stoves/colored_stoves/blue_stove"
  }, {
    "predicate" : {
      "custom_model_data" : 234
    },
    "model" : "minecraft:item/diamond/stoves/colored_stoves/brown_stove"
  }, {
    "predicate" : {
      "custom_model_data" : 235
    },
    "model" : "minecraft:item/diamond/stoves/colored_stoves/cyan_stove"
  }, {
    "predicate" : {
      "custom_model_data" : 236
    },
    "model" : "minecraft:item/diamond/stoves/colored_stoves/gray_stove"
  }, {
    "predicate" : {
      "custom_model_data" : 237
    },
    "model" : "minecraft:item/diamond/stoves/colored_stoves/green_stove"
  }, {
    "predicate" : {
      "custom_model_data" : 238
    },
    "model" : "minecraft:item/diamond/stoves/colored_stoves/lblue_stove"
  }, {
    "predicate" : {
      "custom_model_data" : 239
    },
    "model" : "minecraft:item/diamond/stoves/colored_stoves/lgray_stove"
  }, {
    "predicate" : {
      "custom_model_data" : 240
    },
    "model" : "minecraft:item/diamond/stoves/colored_stoves/lime_stove"
  }, {
    "predicate" : {
      "custom_model_data" : 241
    },
    "model" : "minecraft:item/diamond/stoves/colored_stoves/magenta_stove"
  }, {
    "predicate" : {
      "custom_model_data" : 242
    },
    "model" : "minecraft:item/diamond/stoves/colored_stoves/orange_stove"
  }, {
    "predicate" : {
      "custom_model_data" : 243
    },
    "model" : "minecraft:item/diamond/stoves/colored_stoves/pink_stove"
  }, {
    "predicate" : {
      "custom_model_data" : 244
    },
    "model" : "minecraft:item/diamond/stoves/colored_stoves/purple_stove"
  }, {
    "predicate" : {
      "custom_model_data" : 245
    },
    "model" : "minecraft:item/diamond/stoves/colored_stoves/red_stove"
  }, {
    "predicate" : {
      "custom_model_data" : 246
    },
    "model" : "minecraft:item/diamond/stoves/colored_stoves/white_stove"
  }, {
    "predicate" : {
      "custom_model_data" : 247
    },
    "model" : "minecraft:item/diamond/stoves/colored_stoves/yellow_stove"
  }, {
    "predicate" : {
      "custom_model_data" : 248
    },
    "model" : "minecraft:item/diamond/stoves/diamond_stove"
  }, {
    "predicate" : {
      "custom_model_data" : 249
    },
    "model" : "minecraft:item/diamond/stoves/golden_stove"
  }, {
    "predicate" : {
      "custom_model_data" : 250
    },
    "model" : "minecraft:item/diamond/toilets/black_toilet"
  }, {
    "predicate" : {
      "custom_model_data" : 251
    },
    "model" : "minecraft:item/diamond/toilets/diamond_toilet"
  }, {
    "predicate" : {
      "custom_model_data" : 252
    },
    "model" : "minecraft:item/diamond/toilets/golden_toilet"
  }, {
    "predicate" : {
      "custom_model_data" : 253
    },
    "model" : "minecraft:item/diamond/toilets/white_toilet"
  }, {
    "predicate" : {
      "custom_model_data" : 254
    },
    "model" : "minecraft:item/diamond/toilets/wood_toilets/acacia_toilet"
  }, {
    "predicate" : {
      "custom_model_data" : 255
    },
    "model" : "minecraft:item/diamond/toilets/wood_toilets/bamboo_toilet"
  }, {
    "predicate" : {
      "custom_model_data" : 256
    },
    "model" : "minecraft:item/diamond/toilets/wood_toilets/birch_toilet"
  }, {
    "predicate" : {
      "custom_model_data" : 257
    },
    "model" : "minecraft:item/diamond/toilets/wood_toilets/cherry_toilet"
  }, {
    "predicate" : {
      "custom_model_data" : 258
    },
    "model" : "minecraft:item/diamond/toilets/wood_toilets/crimson_toilet"
  }, {
    "predicate" : {
      "custom_model_data" : 259
    },
    "model" : "minecraft:item/diamond/toilets/wood_toilets/dark_oak_toilet"
  }, {
    "predicate" : {
      "custom_model_data" : 260
    },
    "model" : "minecraft:item/diamond/toilets/wood_toilets/jungle_toilet"
  }, {
    "predicate" : {
      "custom_model_data" : 261
    },
    "model" : "minecraft:item/diamond/toilets/wood_toilets/mangrove_toilet"
  }, {
    "predicate" : {
      "custom_model_data" : 262
    },
    "model" : "minecraft:item/diamond/toilets/wood_toilets/oak_toilet"
  }, {
    "predicate" : {
      "custom_model_data" : 263
    },
    "model" : "minecraft:item/diamond/toilets/wood_toilets/spruce_toilet"
  }, {
    "predicate" : {
      "custom_model_data" : 264
    },
    "model" : "minecraft:item/diamond/toilets/wood_toilets/warped_toilet"
  }, {
    "predicate" : {
      "custom_model_data" : 265
    },
    "model" : "minecraft:item/diamond/tv_screens/tv_big_off"
  }, {
    "predicate" : {
      "custom_model_data" : 266
    },
    "model" : "minecraft:item/diamond/tv_screens/tv_med_off"
  }, {
    "predicate" : {
      "custom_model_data" : 267
    },
    "model" : "minecraft:item/diamond/wall_mirrors/acacia_mirror"
  }, {
    "predicate" : {
      "custom_model_data" : 268
    },
    "model" : "minecraft:item/diamond/wall_mirrors/bamboo_mirror"
  }, {
    "predicate" : {
      "custom_model_data" : 269
    },
    "model" : "minecraft:item/diamond/wall_mirrors/birch_mirror"
  }, {
    "predicate" : {
      "custom_model_data" : 270
    },
    "model" : "minecraft:item/diamond/wall_mirrors/cherry_mirror"
  }, {
    "predicate" : {
      "custom_model_data" : 271
    },
    "model" : "minecraft:item/diamond/wall_mirrors/crimson_mirror"
  }, {
    "predicate" : {
      "custom_model_data" : 272
    },
    "model" : "minecraft:item/diamond/wall_mirrors/dark_oak_mirror"
  }, {
    "predicate" : {
      "custom_model_data" : 273
    },
    "model" : "minecraft:item/diamond/wall_mirrors/jungle_mirror"
  }, {
    "predicate" : {
      "custom_model_data" : 274
    },
    "model" : "minecraft:item/diamond/wall_mirrors/mangrove_mirror"
  }, {
    "predicate" : {
      "custom_model_data" : 275
    },
    "model" : "minecraft:item/diamond/wall_mirrors/oak_mirror"
  }, {
    "predicate" : {
      "custom_model_data" : 276
    },
    "model" : "minecraft:item/diamond/wall_mirrors/spruce_mirror"
  }, {
    "predicate" : {
      "custom_model_data" : 277
    },
    "model" : "minecraft:item/diamond/wall_mirrors/warped_mirror"
  } ]
}