{
	"credit": "Made by betaklerik with Blockbench",
	"texture_size": [32, 32],
	"textures": {
		"texture": "item/diamond/computers/laptops/black_laptop"
	},
	"elements": [
		{
			"name": "keyboard",
			"from": [2, 0, 3],
			"to": [14, 1, 11],
			"rotation": {"angle": 0, "axis": "y", "origin": [0, 0, 16]},
			"faces": {
				"north": {"uv": [6, 8.5, 0, 9], "texture": "#texture"},
				"east": {"uv": [5.5, 9, 6, 5], "rotation": 90, "texture": "#texture"},
				"west": {"uv": [0, 9, 0.5, 5], "rotation": 270, "texture": "#texture"},
				"up": {"uv": [0, 9, 6, 5], "texture": "#texture"},
				"down": {"uv": [6.5, 9, 12.5, 5], "texture": "#texture"}
			}
		},
		{
			"name": "screen",
			"from": [2, 0, 10.0001],
			"to": [14, 9, 11.0001],
			"rotation": {"angle": 22.5, "axis": "x", "origin": [2, 0, 11]},
			"faces": {
				"north": {"uv": [6, 0, 0, 4.5], "texture": "#texture"},
				"east": {"uv": [7, 0, 6.5, 4.5], "texture": "#texture"},
				"south": {"uv": [13, 0, 7, 4.5], "texture": "#texture"},
				"west": {"uv": [13.5, 0, 13, 4.5], "texture": "#texture"},
				"up": {"uv": [0, 0.5, 6, 0], "texture": "#texture"}
			}
		}
	],
	"gui_light": "front",
	"display": {
		"thirdperson_righthand": {
			"rotation": [0, -45, 0],
			"translation": [0, 4, 1],
			"scale": [0.5, 0.5, 0.5]
		},
		"thirdperson_lefthand": {
			"rotation": [0, -45, 0],
			"translation": [0, 4, 1],
			"scale": [0.5, 0.5, 0.5]
		},
		"firstperson_righthand": {
			"rotation": [25, -45, 0],
			"translation": [0, 3, 0],
			"scale": [0.75, 0.75, 0.75]
		},
		"firstperson_lefthand": {
			"rotation": [25, -45, 0],
			"translation": [0, 3, 0],
			"scale": [0.75, 0.75, 0.75]
		},
		"ground": {
			"translation": [0, 4, 0],
			"scale": [0.75, 0.75, 0.75]
		},
		"gui": {
			"rotation": [30, -45, 0],
			"translation": [-0.25, 2.2, 0],
			"scale": [0.8, 0.8, 0.8]
		},
		"fixed": {
			"rotation": [-90, 180, 0],
			"translation": [0, 0, -15.98],
			"scale": [2, 2, 2]
		}
	}
}