{
	"credit": "Made by betaklerik with Blockbench",
	"texture_size": [96, 32],
	"textures": {
		"texture": "item/diamond/desks/acacia_desk"
	},
	"elements": [
		{
			"name": "top",
			"from": [-16, 12.96, 0],
			"to": [16, 16, 16],
			"rotation": {"angle": 0, "axis": "y", "origin": [0, 0, 16]},
			"faces": {
				"north": {"uv": [8, 8, 2.66667, 9.5], "texture": "#texture"},
				"east": {"uv": [10.66667, 8, 8, 9.5], "texture": "#texture"},
				"south": {"uv": [16, 8, 10.66667, 9.5], "texture": "#texture"},
				"west": {"uv": [2.66667, 8, 0, 9.5], "texture": "#texture"},
				"up": {"uv": [2.66667, 8, 8, 0], "texture": "#texture"},
				"down": {"uv": [8, 8, 13.33333, 0], "texture": "#texture"}
			}
		},
		{
			"name": "left",
			"from": [-16, 0, 0],
			"to": [-14, 12.96, 16],
			"rotation": {"angle": 0, "axis": "y", "origin": [0, 0, 16]},
			"faces": {
				"north": {"uv": [3, 9.5, 2.66667, 16], "texture": "#texture"},
				"east": {"uv": [10.66667, 9.5, 8, 16], "texture": "#texture"},
				"south": {"uv": [16, 9.5, 15.66667, 16], "texture": "#texture"},
				"west": {"uv": [2.66667, 9.5, 0, 16], "texture": "#texture"},
				"down": {"uv": [8.16667, 8, 8.5, 0], "texture": "#texture"}
			}
		},
		{
			"name": "right",
			"from": [0, 0, 0],
			"to": [16, 12.96, 16],
			"rotation": {"angle": 0, "axis": "y", "origin": [0, 0, 16]},
			"faces": {
				"north": {"uv": [8, 9.5, 5.33333, 16], "texture": "#texture"},
				"east": {"uv": [10.66667, 9.5, 8, 16], "texture": "#texture"},
				"south": {"uv": [13.33333, 9.5, 10.66667, 16], "texture": "#texture"},
				"west": {"uv": [2.66667, 9.5, 0, 16], "texture": "#texture"},
				"down": {"uv": [8.16667, 8, 10.83333, 0], "texture": "#texture"}
			}
		},
		{
			"name": "drawers",
			"from": [1, 2, -1],
			"to": [15, 14, 0],
			"rotation": {"angle": 0, "axis": "y", "origin": [0, 0, 16]},
			"faces": {
				"north": {"uv": [7.83333, 9, 5.5, 15], "texture": "#texture"},
				"east": {"uv": [7.83333, 9, 7.66667, 15], "texture": "#texture"},
				"west": {"uv": [5.66667, 9, 5.5, 15], "texture": "#texture"},
				"up": {"uv": [5.5, 9.5, 7.83333, 9], "texture": "#texture"},
				"down": {"uv": [5.5, 15, 7.83333, 14.5], "texture": "#texture"}
			}
		}
	],
	"display": {
		"thirdperson_righthand": {
			"rotation": [25, -60, 0],
			"translation": [4.25, -1.25, 6.25],
			"scale": [0.5, 0.5, 0.5]
		},
		"thirdperson_lefthand": {
			"rotation": [25, -60, 0],
			"translation": [0, 1.5, -0.5],
			"scale": [0.5, 0.5, 0.5]
		},
		"firstperson_righthand": {
			"rotation": [-15, -45, 0],
			"translation": [4, 0, 6],
			"scale": [0.75, 0.75, 0.75]
		},
		"firstperson_lefthand": {
			"rotation": [-15, -75, 0],
			"translation": [0, 0, -6],
			"scale": [0.75, 0.75, 0.75]
		},
		"ground": {
			"translation": [4, 2, 0],
			"scale": [0.5, 0.5, 0.5]
		},
		"gui": {
			"rotation": [30, -60, 0],
			"translation": [1.75, -1.5, 0],
			"scale": [0.475, 0.475, 0.475]
		},
		"head": {
			"rotation": [0, 180, 0]
		},
		"fixed": {
			"rotation": [0, 180, 0],
			"translation": [0, 0, 16],
			"scale": [2.01, 2.01, 2.01]
		}
	}
}